{ "items": [	
	{"circle": [
		{"id": 1, 	"name" : "testname"},
		{"id": 2, 	"name" : "testname"},
		{"id": 3, 	"name" : "testname"},
		{"id": 4, 	"name" : "testname"},
		{"id": 5, 	"name" : "testname"},
		{"id": 6, 	"name" : "testname"},
		{"id": 7, 	"name" : "testname"},
		{"id": 8, 	"name" : "testname"},
		{"id": 9, 	"name" : "testname"},
		{"id": 10, 	"name" : "testname"},
		{"id": 11, 	"name" : "testname"},
		{"id": 12, 	"name" : "testname"},
		{"id": 13, 	"name" : "testname"},
		{"id": 14, 	"name" : "testname"},
		{"id": 15, 	"name" : "testname"},
		{"id": 16, 	"name" : "testname"},
		{"id": 17, 	"name" : "testname"},
		{"id": 18, 	"name" : "testname"},
		{"id": 19, 	"name" : "testname"},
		{"id": 20, 	"name" : "testname"},
		{"id": 21, 	"name" : "testname"},
		{"id": 22, 	"name" : "testname"},
		{"id": 23, 	"name" : "testname"},
		{"id": 24, 	"name" : "testname"},
		{"id": 25, 	"name" : "testname"},
		{"id": 26, 	"name" : "testname"}]
	},
	{"path" : [
		{"dencity": 1, "value" : "ein"},
		{"dencity": 2, "value" : "zwein" }	
	]}
]}